metric,samples_evaluated,samples_failed,sample_failure_rate,total_observations,invalid_observations,observation_error_rate
DHR,15,9,0.6,60,10,0.16666666666666666
ASVR,15,7,0.4666666666666667,105,17,0.1619047619047619
CFVR,15,0,0.0,0,0,0.0
EIPR,15,13,0.8666666666666667,15,13,0.8666666666666667
RACS,15,8,0.5333333333333333,15,8,0.5333333333333333
RHSR,15,15,1.0,270,150,0.5555555555555556
