metric,samples_evaluated,samples_failed,sample_failure_rate,total_observations,invalid_observations,observation_error_rate
DHR,13,5,0.38461538461538464,43,19,0.4418604651162791
ASVR,13,9,0.6923076923076923,46,11,0.2391304347826087
CFVR,13,0,0.0,0,0,0.0
EIPR,13,10,0.7692307692307693,13,10,0.7692307692307693
RACS,13,0,0.0,18,0,0.0
RHSR,13,13,1.0,117,91,0.7777777777777778
